[
    {
        "id": "item1",
        "name": "Heart Rate Monitor FD1000",
        "image": "css/images/handwatch_1.png",
        "description": "Advanced heart rate monitoring for fitness enthusiasts.",
        "oldPrice": 750,
        "currentPrice": 500,
        "type": "smart"
    },
    {
        "id": "item2",
        "name": "Heart Rate Monitor TX2000",
        "image": "css/images/handwatch_2.png",
        "description": "Classic design with reliable heart rate tracking capabilities.",
        "oldPrice": 850,
        "currentPrice": 700,
        "type": "classic"
    },
    {
        "id": "item3",
        "name": "Heart Rate Monitor FD3000",
        "image": "css/images/handwatch_3.png",
        "description": "Premium features for advanced heart rate monitoring.",
        "oldPrice": 950,
        "currentPrice": 800,
        "type": "smart"
    },
    {
        "id": "item4",
        "name": "Heart Rate Monitor TX4000",
        "image": "css/images/handwatch_4.png",
        "description": "Classic style with enhanced heart rate monitoring.",
        "oldPrice": 1050,
        "currentPrice": 900,
        "type": "classic"
    },
    {
        "id": "item5",
        "name": "Heart Rate Monitor FD5000",
        "image": "css/images/handwatch_5.png",
        "description": "Designed for athletes with advanced heart rate metrics.",
        "oldPrice": 1150,
        "currentPrice": 950,
        "type": "classic"
    },
    {
        "id": "item6",
        "name": "Heart Rate Monitor TX6000",
        "image": "css/images/handwatch_6.png",
        "description": "Classic design with comprehensive monitoring.",
        "oldPrice": 1250,
        "currentPrice": 1100,
        "type": "smart"
    }
]
